{
  "adjacencyList" : {
    "1" : {
      "2" : 0.020919425413012505,
      "3" : 0.010804482735693455,
      "4" : 0.010804482735693455
      
    },
    "2" : {
      "3" : 0.010804482735693455,
      "4" : 0.010804482735693455,
      "9" : 0.010804482735693455,
      "5" : 0.010804482735693455
    },
    "3" : {
      "4" : 0.010804482735693455
      
    },
    "4" : {
      "8" : 0.010804482735693455
      
    },
    "5" : {
      "6" : 0.010804482735693455,
      "7" : 0.010804482735693455
      
    },
    "7" : {
      "10" : 0.020919425413012505,
      "11" : 0.010804482735693455,
      "12" : 0.010804482735693455
      
    },
    "10" : {
      "11" : 0.010804482735693455,
      "12" : 0.010804482735693455
      
    },
   "11" : {
      "12" : 0.010804482735693455,
      "13" : 0.010804482735693455
      
    }
    
    
  }
}